id;card_id;name;dob;home;address;sex;nationality;doe;photo
1;Practical deposit;Unbranded;reboot eyeballs;Principal Naira;e-tailers Account gold;Table Technician;JBOD Interactions;interface transmitting Health;Mexico Metal Administrator
2;Card SDD synthesizing;Unbranded;Generic Visionary Branding;Ergonomic Ohio;JSON Virginia Account;virtual;Lebanon;Games;e-commerce XML
3;utilize PCI;channels generating monitoring;Hawaii;Wyoming next-generation;Dobra Awesome Suriname;Sports Grocery Reactive;Reverse-engineered matrix Louisiana;card Sausages maroon;digital system
4;IB;Quality;sensor Strategist Soap;New Cotton distributed;Dollar Gloves;Investor RAM;ivory 24/365;capability payment matrix;compress Books Profound
5;Chair;SCSI grid-enabled;circuit Orchestrator;adapter Steel Avon;model THX;deposit optical;red;Fantastic B2B;streamline Azerbaijan invoice
6;Tools Berkshire;content-based Tennessee;Neck Granite Pants;incentivize;Yemen Codes;Administrator;CSS Cheese;artificial;override
7;compressing models;payment;content withdrawal connecting;Optimization;Wooden;Integration Avon;Multi-lateral;Global;hour
8;cross-platform transmit back-end;invoice Loti cross-platform;Gorgeous overriding index;Nevada transmitter;Grove;Unbranded transmit;Exclusive gold Soft;Legacy;Bedfordshire Islands lavender
9;hierarchy Metal Agent;Parkway Metal;action-items Extensions programming;Mayotte collaborative application;bus;Mauritius;digital GB;invoice Granite;distributed
10;panel Applications;invoice paradigm;Granite ivory Shoes;program invoice;Branding RSS;artificial;hack Soft initiatives;Handcrafted Soft action-items;Home Down-sized
